country,Country id,Date,CRISIS,CAB_Y,EXP_G,STED_R,FXR_G,REER,CRISIS_1
Vietnam,1,1996Q4 [YR1996Q4],0,-8.192243377,-0.034017852,56.51254494,0.311416071,-3.23927,0
Vietnam,1,1997Q1 [YR1997Q1],0,-7.567235218,0.017876134,0,0.154322258,-1.729341,0
Vietnam,1,1997Q2 [YR1997Q2],0,-6.942227059,-0.0508352,43.50093816,0.239375437,-3.785391,0
Vietnam,1,1997Q3 [YR1997Q3],0,-6.3172189,0.066104874,0,0.261656078,2.282539,0
Vietnam,1,1997Q4 [YR1997Q4],0,-5.692210742,0.000267118,49.90295849,0.14399261,7.228432,0
Vietnam,1,1998Q1 [YR1998Q1],0,-5.255942058,-0.033257707,0,0.029230203,3.159568,0
Vietnam,1,1998Q2 [YR1998Q2],0,-4.819673375,-0.051817229,41.88802289,-0.016152775,9.8947,0
Vietnam,1,1998Q3 [YR1998Q3],0,-4.383404691,-0.119354133,0,-0.089994256,2.371101,0
Vietnam,1,1998Q4 [YR1998Q4],0,-3.947136007,-0.137422817,35.90938855,0.008262277,-2.129359,0
Vietnam,1,1999Q1 [YR1999Q1],0,-1.934506593,-0.056651246,0,0.13975277,3.500796,0
Vietnam,1,1999Q2 [YR1999Q2],0,0.078122821,0.082003548,28.01416399,0.236807128,3.94465,0
Vietnam,1,1999Q3 [YR1999Q3],0,2.090752235,0.200214873,0,0.457655233,0.624072,0
Vietnam,1,1999Q4 [YR1999Q4],0,4.103381649,0.265634968,22.0074414,0.661195121,-0.696933,0
Vietnam,1,2000Q1 [YR2000Q1],0,3.964535473,0.277542615,19.74041398,0.670671619,0.521019,0
Vietnam,1,2000Q2 [YR2000Q2],0,3.825689296,0.287113758,19.70615395,0.47676106,0.768693,0
Vietnam,1,2000Q3 [YR2000Q3],0,3.68684312,0.21979312,19.88040798,0.244260256,3.208938,0
Vietnam,1,2000Q4 [YR2000Q4],0,3.547996943,0.132190598,26.2255843,0.027167595,2.777154,0
Vietnam,1,2001Q1 [YR2001Q1],0,3.18264055,0.103970546,25.94362399,-0.072757942,2.971524,0
Vietnam,1,2001Q2 [YR2001Q2],0,2.817284158,0.030689101,22.14161946,-0.028155365,4.47801,0
Vietnam,1,2001Q3 [YR2001Q3],0,2.451927765,-0.015449481,20.58381711,0.042654234,7.52876,0
Vietnam,1,2001Q4 [YR2001Q4],0,2.086571373,0.037869992,20.51943216,0.07553159,3.863171,0
Vietnam,1,2002Q1 [YR2002Q1],0,1.134288712,0.172764781,18.40677881,0.17128761,4.997445,0
Vietnam,1,2002Q2 [YR2002Q2],0,0.182006051,0.225313084,18.42536164,0.108403242,0.387983,0
Vietnam,1,2002Q3 [YR2002Q3],0,-0.77027661,0.384511039,16.87720728,0.043097956,-0.089978,0
Vietnam,1,2002Q4 [YR2002Q4],0,-1.722559271,0.431238627,16.35504855,0.121507161,-0.792063,0
Vietnam,1,2003Q1 [YR2003Q1],0,-2.512448718,0.37336317,14.54105643,0.389260241,-2.747814,0
Vietnam,1,2003Q2 [YR2003Q2],0,-3.302338165,0.247158964,12.17960005,0.663869855,-6.103401,0
Vietnam,1,2003Q3 [YR2003Q3],0,-4.092227612,0.122620383,12.39530441,0.579433615,-5.847973,0
Vietnam,1,2003Q4 [YR2003Q4],0,-4.882117059,0.176666185,16.09850334,0.51033804,-9.581055,0
Vietnam,1,2004Q1 [YR2004Q1],0,-4.188247047,0.174378439,14.84541316,0.158492872,-8.202479,0
Vietnam,1,2004Q2 [YR2004Q2],0,-3.494377035,0.418441157,19.96069613,0.009842491,-5.494011,0
Vietnam,1,2004Q3 [YR2004Q3],0,-2.800507023,0.397788379,22.06755105,0.107007391,-4.410605,0
Vietnam,1,2004Q4 [YR2004Q4],0,-2.10663701,0.241861018,27.3740058,0.131307157,-9.413583,0
Vietnam,1,2005Q1 [YR2005Q1],0,-1.822975049,0.277830641,23.4971102,0.262130842,-8.547679,0
Vietnam,1,2005Q2 [YR2005Q2],0,-1.539313088,0.052950758,26.17964259,0.230345678,-4.292244,0
Vietnam,1,2005Q3 [YR2005Q3],0,-1.255651126,0.055240294,28.49629913,0.278498113,-2.960277,0
Vietnam,1,2005Q4 [YR2005Q4],0,-0.971989165,0.198534697,24.04011693,0.285324471,0.552762,0
Vietnam,1,2006Q1 [YR2006Q1],0,-0.790667967,0.203649114,20.46446777,0.355701573,-0.77115,0
Vietnam,1,2006Q2 [YR2006Q2],0,-0.609346769,0.292519435,23.01554438,0.435883946,-3.590274,0
Vietnam,1,2006Q3 [YR2006Q3],0,-0.428025572,0.229655294,22.10266014,0.382732288,-3.039196,0
Vietnam,1,2006Q4 [YR2006Q4],0,-0.246704374,0.31407437,20.63473771,0.478810766,-4.562595,0
Vietnam,1,2007Q1 [YR2007Q1],0,-2.430443121,0.296720214,18.92263181,0.70517826,-3.544795,0
Vietnam,1,2007Q2 [YR2007Q2],0,-4.614181869,0.35605567,20.9889963,0.841142167,-4.053572,0
Vietnam,1,2007Q3 [YR2007Q3],0,-6.797920617,0.660153177,19.74486956,0.896407708,-6.002457,0
Vietnam,1,2007Q4 [YR2007Q4],0,-8.981659364,0.660022744,21.13331729,0.754279253,-4.614108,0
Vietnam,1,2008Q1 [YR2008Q1],0,-9.46573277,0.47554753,27.91105323,0.443230987,-3.031141,0
Vietnam,1,2008Q2 [YR2008Q2],0,-9.949806177,0.269175266,31.87992738,0.070686463,1.962928,0
Vietnam,1,2008Q3 [YR2008Q3],0,-10.43387958,-0.161328095,27.32393201,0.056386783,8.990868,0
Vietnam,1,2008Q4 [YR2008Q4],0,-10.91795299,-0.311461375,20.27509854,0.017498654,11.86999,0
Vietnam,1,2009Q1 [YR2009Q1],0,-9.746739799,-0.191444935,24.35056995,-0.129667118,13.18663,1
Vietnam,1,2009Q2 [YR2009Q2],1,-8.575526609,0.00130113,25.54728642,-0.089926465,6.184049,1
Vietnam,1,2009Q3 [YR2009Q3],0,-7.404313419,0.361081543,24.18278326,-0.212998161,3.66117,1
Vietnam,1,2009Q4 [YR2009Q4],0,-6.233100228,0.431482567,34.56698152,-0.311555813,-2.363717,0
Vietnam,1,2010Q1 [YR2010Q1],0,-5.401053653,0.335886451,43.62479853,-0.397873251,-2.178993,0
Vietnam,1,2010Q2 [YR2010Q2],0,-4.569007078,0.189799589,46.13558303,-0.303031422,1.970864,0
Vietnam,1,2010Q3 [YR2010Q3],0,-3.736960503,0.242309781,49.67125902,-0.248150673,-5.058387,0
Vietnam,1,2010Q4 [YR2010Q4],1,-2.904913928,0.269178063,62.69454573,-0.242018503,-3.004276,1
Vietnam,1,2011Q1 [YR2011Q1],0,-2.144501564,0.30553902,70.94586509,-0.117911953,-12.68575,0
Vietnam,1,2011Q2 [YR2011Q2],0,-1.3840892,0.29577512,67.59026343,0.078849823,-8.986613,0
Vietnam,1,2011Q3 [YR2011Q3],0,-0.623676835,0.195725749,68.02180878,0.087585576,-5.283001,0
Vietnam,1,2011Q4 [YR2011Q4],0,0.136735529,0.158385565,95.32903902,0.086031343,-3.435714,1
Vietnam,1,2012Q1 [YR2012Q1],0,1.307736069,0.0500996,74.43801495,0.456528133,-3.721801,0
Vietnam,1,2012Q2 [YR2012Q2],0,2.478736609,0.053183129,71.05862206,0.320053261,-1.763838,0
Vietnam,1,2012Q3 [YR2012Q3],0,3.64973715,0.096577611,68.65487042,0.412174038,-3.362853,0
Vietnam,1,2012Q4 [YR2012Q4],0,4.82073769,0.184763784,55.49907466,0.888843892,-2.70622,0
Vietnam,1,2013Q1 [YR2013Q1],0,4.521566815,0.222010546,49.35390702,0.598047541,1.701615,0
Vietnam,1,2013Q2 [YR2013Q2],0,4.22239594,0.271783747,59.16395199,0.239917234,1.779178,1
Vietnam,1,2013Q3 [YR2013Q3],0,3.923225066,0.212061977,59.55198268,0.127525103,1.053657,0
Vietnam,1,2013Q4 [YR2013Q4],0,3.624054191,0.161190013,54.27399388,0.012521171,1.14155,0
Vietnam,1,2014Q1 [YR2014Q1],0,3.720289641,0.111077339,46.0982558,0.186681532,0.114287,0
Vietnam,1,2014Q2 [YR2014Q2],0,3.81652509,0.140585415,45.07999119,0.435715515,-1.442836,0
Vietnam,1,2014Q3 [YR2014Q3],0,3.91276054,0.23313179,43.2920373,0.506826192,1.089331,0
Vietnam,1,2014Q4 [YR2014Q4],0,4.008995989,0.162563635,44.37633837,0.320384748,7.154023,1
Vietnam,1,2015Q1 [YR2015Q1],0,2.793482804,0.106120234,45.67538259,0.093515212,11.49447,0
Vietnam,1,2015Q2 [YR2015Q2],0,1.577969618,0.055404674,48.39298194,0.042857967,8.421017,0
Vietnam,1,2015Q3 [YR2015Q3],1,0.362456432,-0.000131913,51.93355148,-0.167568692,8.796607,1
Vietnam,1,2015Q4 [YR2015Q4],1,-0.853056754,-0.062341377,53.59279065,-0.173712299,10.06458,1
Vietnam,1,2016Q1 [YR2016Q1],0,-0.579017592,0.061597002,45.669117,-0.143389088,7.44801,0
Vietnam,1,2016Q2 [YR2016Q2],0,-0.304978429,0.08870184,44.37057976,-0.062835988,5.525699,0
Vietnam,1,2016Q3 [YR2016Q3],0,-0.030939267,0.075637719,42.30054098,0.227468457,3.759662,0
Vietnam,1,2016Q4 [YR2016Q4],0,0.243099895,0.198466577,46.35465022,0.292989783,11.88087,0
Vietnam,1,2017Q1 [YR2017Q1],0,0.035801014,0.132849893,44.25691845,0.196424653,8.119912,0
Vietnam,1,2017Q2 [YR2017Q2],0,-0.171497868,0.160748952,45.4831801,0.120259153,1.681893,0
Vietnam,1,2017Q3 [YR2017Q3],0,-0.37879675,0.182235398,47.1215501,0.099206115,-1.436275,0
Vietnam,1,2017Q4 [YR2017Q4],0,-0.586095632,0.14275425,43.40858384,0.343531546,-1.259737,0
Vietnam,1,2018Q1 [YR2018Q1],0,0.038182821,0.113742816,36.13760645,0.487357596,-6.090581,0
Vietnam,1,2018Q2 [YR2018Q2],0,0.662461274,0.088637941,34.75780601,0.473684402,-0.594596,0
Vietnam,1,2018Q3 [YR2018Q3],0,1.286739727,0.050098254,35.6596849,0.378409887,1.04869,0
Vietnam,1,2018Q4 [YR2018Q4],0,1.91101818,0.042204919,36.48290208,0.129943576,0.958742,0
Vietnam,1,2019Q1 [YR2019Q1],0,2.424606766,0.063384527,35.19148699,0.10861624,-1.158701,0
Vietnam,1,2019Q2 [YR2019Q2],0,2.938195352,0.066739981,35.70231426,0.112847281,-1.128273,0
Vietnam,1,2019Q3 [YR2019Q3],0,3.451783938,0.021399287,35.92190957,0.21367246,0.263242,0
Vietnam,1,2019Q4 [YR2019Q4],0,3.965372524,-0.017533503,31.84958,0.412644372,1.659466,0
Vietnam,1,2020Q1 [YR2020Q1],0,4.070921305,-0.103723668,31.73156673,0.309465206,3.775599,0
Vietnam,1,2020Q2 [YR2020Q2],0,4.176470087,0.043804127,30.6137995,0.302847408,0.908431,0
Vietnam,1,2020Q3 [YR2020Q3],0,4.282018869,0.15206584,32.34268785,0.282614316,-2.583839,0
Vietnam,1,2020Q4 [YR2020Q4],0,4.38756765,0.306987512,30.28869842,0.210618698,-7.302687,0
Vietnam,1,2021Q1 [YR2021Q1],0,3.027878885,0.421741769,32.80733683,0.203627389,-5.578626,0
Vietnam,1,2021Q2 [YR2021Q2],0,1.66819012,0.130787715,35.54949713,0.196655839,-6.335616,0
Vietnam,1,2021Q3 [YR2021Q3],0,0.308501354,0.090631352,35.34799409,0.207783157,-5.278323,0
Vietnam,1,2021Q4 [YR2021Q4],0,-1.051187411,0.101400591,36.10366404,0.1532973,-4.714361,0
Thailand,2,1996Q4 [YR1996Q4],0,-8.02658795,-0.037556136,123.1606971,0.048612694,17.32975159,0
Thailand,2,1997Q1 [YR1997Q1],0,-6.522852695,-0.068403987,1.278529621,-0.022787795,21.34310473,0
Thailand,2,1997Q2 [YR1997Q2],1,-5.019117439,-0.110628433,146.8416009,-0.191450255,21.3555707,1
Thailand,2,1997Q3 [YR1997Q3],0,-3.515382184,-0.259307229,1.718968623,-0.256457731,-6.863860081,0
Thailand,2,1997Q4 [YR1997Q4],0,-2.011646929,-0.358885548,147.271925,-0.3061586,-18.31582063,0
Thailand,2,1998Q1 [YR1998Q1],1,1.623527531,-0.363947165,2.071208247,-0.274622833,-7.429560748,1
Thailand,2,1998Q2 [YR1998Q2],0,5.258701991,-0.328676588,108.8236152,-0.177805509,-5.186144113,0
Thailand,2,1998Q3 [YR1998Q3],0,8.893876451,-0.14068905,4.43599975,-0.071407571,-2.43445771,1
Thailand,2,1998Q4 [YR1998Q4],0,12.52905091,-0.036079224,86.67803814,0.101056327,3.242311459,0
Thailand,2,1999Q1 [YR1999Q1],0,11.84961119,0.08939263,3.267195458,0.086918113,2.904126885,0
Thailand,2,1999Q2 [YR1999Q2],0,11.17017147,0.204165362,64.45382415,0.191504945,4.54684456,0
Thailand,2,1999Q3 [YR1999Q3],0,10.49073175,0.23909665,2.00006002,0.190798803,-4.461026664,0
Thailand,2,1999Q4 [YR1999Q4],0,9.811292029,0.325036079,43.81313054,0.181709356,0.004365506,0
Thailand,2,2000Q1 [YR2000Q1],1,9.200581984,0.299830014,44.46226573,0.081307466,2.729892671,1
Thailand,2,2000Q2 [YR2000Q2],0,8.58987194,0.314453206,42.38381918,0.024000094,0.875822096,0
Thailand,2,2000Q3 [YR2000Q3],0,7.979161896,0.214401387,38.29813551,-0.001484708,-2.843423697,0
Thailand,2,2000Q4 [YR2000Q4],0,7.368451852,0.175804456,39.50852989,-0.060094117,-4.216122813,0
Thailand,2,2001Q1 [YR2001Q1],0,6.586406971,0.014444568,39.26186288,0.002471471,-3.666539589,0
Thailand,2,2001Q2 [YR2001Q2],0,5.804362091,-0.110712468,38.99237965,-0.015737207,-4.125591313,0
Thailand,2,2001Q3 [YR2001Q3],0,5.022317211,-0.181170963,36.85467169,0.010231475,-4.152136335,0
Thailand,2,2001Q4 [YR2001Q4],0,4.24027233,-0.134463587,36.32847379,0.010585845,-1.455263041,0
Thailand,2,2002Q1 [YR2002Q1],0,4.046580883,0.027250941,33.79566148,0.037070148,0.627230415,0
Thailand,2,2002Q2 [YR2002Q2],0,3.852889435,0.162945141,29.90776683,0.162192111,-0.216764973,0
Thailand,2,2002Q3 [YR2002Q3],0,3.659197987,0.194266984,29.2512134,0.15381743,-2.41551125,0
Thailand,2,2002Q4 [YR2002Q4],0,3.46550654,0.218684743,25.47676563,0.17591353,-3.520793164,0
Thailand,2,2003Q1 [YR2003Q1],0,3.382520584,0.115173523,28.47235142,0.119733168,-4.33048976,1
Thailand,2,2003Q2 [YR2003Q2],0,3.299534628,0.087767596,24.57098006,0.06859716,-4.253926195,0
Thailand,2,2003Q3 [YR2003Q3],0,3.216548673,0.241205262,27.45481648,0.066320949,-1.779036746,0
Thailand,2,2003Q4 [YR2003Q4],0,3.133562717,0.237454323,24.76085679,0.079652675,-2.9937085,0
Thailand,2,2004Q1 [YR2004Q1],0,2.749165237,0.28752138,21.16371141,0.139479447,-2.408437428,0
Thailand,2,2004Q2 [YR2004Q2],0,2.364767756,0.304549742,18.60627281,0.098778835,-4.913622734,0
Thailand,2,2004Q3 [YR2004Q3],0,1.980370275,0.255944208,19.66854893,0.111366315,-6.340147923,0
Thailand,2,2004Q4 [YR2004Q4],0,1.595972795,0.260744069,22.73548827,0.184704111,-5.726481775,0
Thailand,2,2005Q1 [YR2005Q1],0,0.18786427,0.280077169,19.16489188,0.133791907,-3.896518912,0
Thailand,2,2005Q2 [YR2005Q2],0,-1.220244255,0.1496008,25.9635731,0.116692052,-6.394871138,0
Thailand,2,2005Q3 [YR2005Q3],0,-2.62835278,0.097364004,27.16452632,0.111630892,-4.939311297,0
Thailand,2,2005Q4 [YR2005Q4],0,-4.036461304,0.060780194,25.34587998,0.041646293,-3.550048255,0
Thailand,2,2006Q1 [YR2006Q1],0,-2.766393955,0.077602188,26.86311469,0.12989416,0.251148781,0
Thailand,2,2006Q2 [YR2006Q2],0,-1.496326606,0.182979882,29.15444882,0.195787438,-0.24453073,0
Thailand,2,2006Q3 [YR2006Q3],0,-0.226259257,0.164857256,26.24475676,0.236370187,1.515575317,0
Thailand,2,2006Q4 [YR2006Q4],0,1.043808092,0.10330388,22.13154664,0.288035782,4.426524247,0
Thailand,2,2007Q1 [YR2007Q1],0,2.264520442,0.097246446,19.27772506,0.286563656,5.227322366,0
Thailand,2,2007Q2 [YR2007Q2],0,3.485232793,0.07778115,14.95206477,0.263083248,5.874913753,0
Thailand,2,2007Q3 [YR2007Q3],0,4.705945143,0.128546514,14.19258795,0.311671257,3.832271686,0
Thailand,2,2007Q4 [YR2007Q4],0,5.926657493,0.29209471,11.52528204,0.305245745,3.482640833,0
Thailand,2,2008Q1 [YR2008Q1],0,4.524859656,0.287792222,10.48579289,0.555260197,6.016264716,0
Thailand,2,2008Q2 [YR2008Q2],0,3.123061818,0.293149621,10.21850958,0.447579464,3.508392621,0
Thailand,2,2008Q3 [YR2008Q3],0,1.72126398,-0.017579315,11.00517649,0.271153984,0.730518455,0
Thailand,2,2008Q4 [YR2008Q4],0,0.319466142,-0.388873195,9.99439633,0.275043172,-2.135149031,0
Thailand,2,2009Q1 [YR2009Q1],0,2.208740975,-0.342893737,8.778564664,0.058377145,-0.498490074,0
Thailand,2,2009Q2 [YR2009Q2],0,4.098015809,-0.252725505,9.311071888,0.146594718,-1.314347342,0
Thailand,2,2009Q3 [YR2009Q3],0,5.987290642,0.025520224,8.953376921,0.290237931,-2.617358944,0
Thailand,2,2009Q4 [YR2009Q4],0,7.876565476,0.617618271,9.292687768,0.24684115,-1.989249098,0
Thailand,2,2010Q1 [YR2010Q1],0,6.749255142,0.461520681,8.923772824,0.240374038,1.566282673,0
Thailand,2,2010Q2 [YR2010Q2],0,5.621944808,0.293356205,8.580876793,0.212186,3.877780437,0
Thailand,2,2010Q3 [YR2010Q3],0,4.494634475,0.233067057,9.482455171,0.231894373,4.729447722,0
Thailand,2,2010Q4 [YR2010Q4],0,3.367324141,0.301228465,9.809566705,0.236542572,5.486630043,0
Thailand,2,2011Q1 [YR2011Q1],0,3.161035159,0.250091022,11.05025593,0.251305017,1.527648959,0
Thailand,2,2011Q2 [YR2011Q2],0,2.954746176,0.324290374,9.988708318,0.247044016,-0.567126427,0
Thailand,2,2011Q3 [YR2011Q3],0,2.748457194,0.069715089,11.0429918,0.082682783,0.28040179,0
Thailand,2,2011Q4 [YR2011Q4],0,2.542168212,0.096066371,8.235302197,-0.000842915,-0.726384676,0
Thailand,2,2012Q1 [YR2012Q1],0,1.598541985,0.1590203,10.69233739,-0.031422459,1.01769083,0
Thailand,2,2012Q2 [YR2012Q2],0,0.654915758,0.018963853,11.13297394,-0.067256322,-0.868265422,0
Thailand,2,2012Q3 [YR2012Q3],0,-0.28871047,0.208066087,11.65333695,0.015831219,-0.156545783,0
Thailand,2,2012Q4 [YR2012Q4],0,-1.232336697,0.090571914,12.14001822,0.03547747,1.783377597,0
Thailand,2,2013Q1 [YR2013Q1],1,-1.449636734,-0.005735547,13.53265661,-0.006395828,8.956551545,1
Thailand,2,2013Q2 [YR2013Q2],0,-1.666936772,-0.019911255,12.93626292,-0.012273118,4.322371563,0
Thailand,2,2013Q3 [YR2013Q3],0,-1.884236809,-0.042150425,14.67591276,-0.052108909,1.162056902,0
Thailand,2,2013Q4 [YR2013Q4],0,-2.101536846,-0.145021075,12.87245963,-0.069230094,-0.67008195,0
Thailand,2,2014Q1 [YR2014Q1],0,-0.861582336,-0.104521211,12.71471746,-0.051466552,-0.961777485,0
Thailand,2,2014Q2 [YR2014Q2],0,0.378372174,-0.028695327,13.94070469,-0.018788394,-2.481722121,0
Thailand,2,2014Q3 [YR2014Q3],0,1.618326684,-0.052410211,13.94147715,-0.061326626,0.646490164,1
Thailand,2,2014Q4 [YR2014Q4],0,2.858281195,-0.022853171,13.33886445,-0.062449312,2.906007107,0
Thailand,2,2015Q1 [YR2015Q1],0,3.872663831,-0.084977704,12.33583087,-0.066313632,7.581736588,0
Thailand,2,2015Q2 [YR2015Q2],0,4.887046467,-0.133043524,11.38175444,-0.044343816,2.200644427,0
Thailand,2,2015Q3 [YR2015Q3],0,5.901429103,-0.119697667,12.56533105,-0.035818029,-3.573453429,0
Thailand,2,2015Q4 [YR2015Q4],0,6.915811739,-0.149741207,12.13222488,8.34E-05,-3.086571133,0
Thailand,2,2016Q1 [YR2016Q1],0,7.813948668,-0.067391944,12.94270217,0.123019939,-3.260551603,0
Thailand,2,2016Q2 [YR2016Q2],0,8.712085597,-0.007006914,13.42825602,0.114289349,-5.490281216,0
Thailand,2,2016Q3 [YR2016Q3],0,9.610222526,0.015277339,13.49125116,0.15958733,-5.242116638,0
Thailand,2,2016Q4 [YR2016Q4],0,10.50835945,0.126411828,14.21875311,0.098443883,-2.943207148,0
Thailand,2,2017Q1 [YR2017Q1],0,10.28902636,0.132712928,14.98377583,0.033817451,-2.537108858,0
Thailand,2,2017Q2 [YR2017Q2],0,10.06969326,0.109274988,14.72355544,0.042306586,-2.512062321,0
Thailand,2,2017Q3 [YR2017Q3],0,9.850360166,0.175893163,14.58108486,0.109310699,-2.114220158,0
Thailand,2,2017Q4 [YR2017Q4],0,9.63102707,0.179260372,14.25521446,0.180332012,-0.19106764,0
Thailand,2,2018Q1 [YR2018Q1],0,8.625454288,0.14617141,13.12364756,0.196745534,0.787167578,0
Thailand,2,2018Q2 [YR2018Q2],0,7.619881506,0.142309308,12.72921503,0.118056124,-0.090935348,0
Thailand,2,2018Q3 [YR2018Q3],0,6.614308725,0.041731581,12.75160431,0.028936862,0.7169331,1
Thailand,2,2018Q4 [YR2018Q4],0,5.608735943,-0.040015645,12.81296608,0.016193306,0.345225449,0
Thailand,2,2019Q1 [YR2019Q1],0,5.954631887,-0.05482789,12.46668892,-0.015639748,3.58541532,0
Thailand,2,2019Q2 [YR2019Q2],0,6.300527831,-0.101913831,12.2206115,0.041094468,5.271096079,0
Thailand,2,2019Q3 [YR2019Q3],0,6.646423776,-0.02108435,10.5789612,0.073980086,7.667165865,0
Thailand,2,2019Q4 [YR2019Q4],0,6.99231972,-0.058777795,10.031007,0.087910217,7.546481025,0
Thailand,2,2020Q1 [YR2020Q1],0,6.258824453,-0.224190445,10.55049481,0.062664568,1.410940599,0
Thailand,2,2020Q2 [YR2020Q2],0,5.525329185,-0.109726518,9.168376784,0.114588245,2.906422746,0
Thailand,2,2020Q3 [YR2020Q3],0,4.791833918,-0.025528913,8.519015877,0.133510788,-0.133478389,0
Thailand,2,2020Q4 [YR2020Q4],0,4.058338651,0.205233877,10.07532801,0.147252654,1.999490493,0
Thailand,2,2021Q1 [YR2021Q1],0,2.520885259,0.522101498,11.18181103,0.084145956,-0.475490904,0
Thailand,2,2021Q2 [YR2021Q2],0,0.983431867,0.361983455,11.96308575,-0.000543224,-3.944146675,0
Thailand,2,2021Q3 [YR2021Q3],0,-0.554021524,0.260734948,13.12451188,-0.044888032,-8.124253172,0
Thailand,2,2021Q4 [YR2021Q4],0,-2.091474916,0.1852475,12.65522039,-0.068367729,-8.326459497,0
Singapore,3,1996Q4 [YR1996Q4],0,14.62692179,-0.004977911,227.9261278,0.118400611,2.069807832,0
Singapore,3,1997Q1 [YR1997Q1],0,14.8626345,0.014459405,0.225970356,0.118996406,3.25870012,0
Singapore,3,1997Q2 [YR1997Q2],0,15.09834721,0.053576583,242.8416932,0.117175641,3.780201222,0
Singapore,3,1997Q3 [YR1997Q3],0,15.33405992,-0.032166088,0.113654818,0.041590151,3.732273372,0
Singapore,3,1997Q4 [YR1997Q4],0,15.56977263,-0.169923474,249.9408896,-0.072422093,3.741601396,0
Singapore,3,1998Q1 [YR1998Q1],0,17.12521075,-0.240663483,0.287922275,-0.05202985,6.385088185,0
Singapore,3,1998Q2 [YR1998Q2],0,18.68064887,-0.251456354,165.327141,-0.121069387,3.474893256,0
Singapore,3,1998Q3 [YR1998Q3],0,20.23608699,-0.189698818,0.571795024,-0.064884734,-1.455888122,0
Singapore,3,1998Q4 [YR1998Q4],0,21.79152511,-0.094052348,146.2374857,0.051647426,-2.094133693,0
Singapore,3,1999Q1 [YR1999Q1],0,20.64472301,0.07942265,0.689024284,-0.039871801,-3.443337618,0
Singapore,3,1999Q2 [YR1999Q2],0,19.4979209,0.197011809,128.4066064,0.039962995,-1.780007933,0
Singapore,3,1999Q3 [YR1999Q3],0,18.3511188,0.234709043,1.243854247,0.054858343,-2.018375071,0
Singapore,3,1999Q4 [YR1999Q4],0,17.20431669,0.278609538,97.72588494,0.026238957,-1.306591677,1
Singapore,3,2000Q1 [YR2000Q1],0,15.67117272,0.238548151,106.9791246,0.041078458,-1.750260406,0
Singapore,3,2000Q2 [YR2000Q2],0,14.13802875,0.254294699,89.06175827,0.050863521,-1.054132994,0
Singapore,3,2000Q3 [YR2000Q3],0,12.60488478,0.152565071,83.21121894,0.017623227,1.372002786,0
Singapore,3,2000Q4 [YR2000Q4],0,11.07174081,0.038633633,80.26930006,0.037816993,3.491561465,0
Singapore,3,2001Q1 [YR2001Q1],0,11.91199186,-0.124199635,81.73396288,0.035834893,3.443756079,0
Singapore,3,2001Q2 [YR2001Q2],1,12.75224291,-0.204705091,74.74827067,-0.042749751,2.409764288,1
Singapore,3,2001Q3 [YR2001Q3],1,13.59249396,-0.232819685,84.72927154,-0.032828541,4.315447735,1
Singapore,3,2001Q4 [YR2001Q4],0,14.43274501,-0.129926088,84.02708097,-0.056196204,0.709072639,0
Singapore,3,2002Q1 [YR2002Q1],0,14.54384712,0.040135059,76.60533469,-0.022131117,1.681135684,0
Singapore,3,2002Q2 [YR2002Q2],0,14.65494923,0.071162997,64.62985793,0.078604098,1.269476675,0
Singapore,3,2002Q3 [YR2002Q3],0,14.76605135,0.106177212,69.00885285,0.069920244,0.86421211,0
Singapore,3,2002Q4 [YR2002Q4],0,14.87715346,0.114566267,63.82311202,0.086688363,1.050418435,0
Singapore,3,2003Q1 [YR2003Q1],0,17.23344496,0.059984086,69.70097177,0.102643453,-0.593526412,0
Singapore,3,2003Q2 [YR2003Q2],0,19.58973645,0.063528077,68.57186843,0.078241828,-2.028144389,0
Singapore,3,2003Q3 [YR2003Q3],0,21.94602795,0.140579937,64.81451767,0.129246764,-2.614386379,0
Singapore,3,2003Q4 [YR2003Q4],0,24.30231945,0.184146479,58.40967217,0.171007994,-3.66742941,0
Singapore,3,2004Q1 [YR2004Q1],0,23.05443995,0.231515321,60.65437858,0.227703269,-3.118190936,0
Singapore,3,2004Q2 [YR2004Q2],0,21.80656045,0.27346032,60.79090335,0.171377796,-2.965676441,0
Singapore,3,2004Q3 [YR2004Q3],0,20.55868096,0.211105967,64.23875976,0.126665107,-2.463689638,0
Singapore,3,2004Q4 [YR2004Q4],0,19.31080146,0.180521239,60.44198784,0.170080808,-4.195811556,0
Singapore,3,2005Q1 [YR2005Q1],0,20.2982309,0.175510709,65.2423578,0.099595196,-4.421291151,0
Singapore,3,2005Q2 [YR2005Q2],0,21.28566034,0.1458527,70.43363106,0.133477618,-4.821702283,0
Singapore,3,2005Q3 [YR2005Q3],0,22.27308979,0.173481232,72.89344615,0.124244526,-5.388446438,0
Singapore,3,2005Q4 [YR2005Q4],0,23.26051923,0.181161598,71.05807417,0.031973994,-3.630870957,1
Singapore,3,2006Q1 [YR2006Q1],0,24.16859513,0.18078339,74.15287284,0.08009488,-2.982498257,0
Singapore,3,2006Q2 [YR2006Q2],0,25.07667102,0.162971348,76.50314137,0.116995736,-3.516179033,0
Singapore,3,2006Q3 [YR2006Q3],0,25.98474692,0.143188345,79.48648645,0.119057022,-3.694440831,0
Singapore,3,2006Q4 [YR2006Q4],0,26.89282281,0.084831164,74.82536216,0.173238149,-3.100784337,0
Singapore,3,2007Q1 [YR2007Q1],0,26.95544124,0.094731423,82.24495721,0.131313646,-3.88620723,0
Singapore,3,2007Q2 [YR2007Q2],0,27.01805966,0.123351008,86.14726071,0.122867184,-4.830158132,0
Singapore,3,2007Q3 [YR2007Q3],0,27.08067809,0.233470412,84.49139017,0.182579548,-4.915049914,0
Singapore,3,2007Q4 [YR2007Q4],0,27.14329651,0.30628746,79.0221284,0.19622933,-3.124134611,0
Singapore,3,2008Q1 [YR2008Q1],0,24.12843523,0.341413661,83.9460918,0.288945427,-2.22528518,0
Singapore,3,2008Q2 [YR2008Q2],0,21.11357395,0.293596548,86.90655113,0.226595943,0.476337048,1
Singapore,3,2008Q3 [YR2008Q3],0,18.09871267,-0.092755809,87.64213125,0.107419263,-0.821810908,0
Singapore,3,2008Q4 [YR2008Q4],0,15.08385139,-0.32622137,66.49117755,0.069036745,-0.016044271,0
Singapore,3,2009Q1 [YR2009Q1],0,15.4111121,-0.305833876,69.97908968,-0.063249744,-2.040826226,0
Singapore,3,2009Q2 [YR2009Q2],0,15.73837281,-0.247983869,66.1422286,-0.019585571,-3.087535891,1
Singapore,3,2009Q3 [YR2009Q3],0,16.06563352,0.042089229,64.23507954,0.078501041,-4.285653455,0
Singapore,3,2009Q4 [YR2009Q4],0,16.39289424,0.407323274,60.82094415,0.078230695,-4.692384939,0
Singapore,3,2010Q1 [YR2010Q1],0,18.02797384,0.286064461,57.43828581,0.185861852,-3.905074493,0
Singapore,3,2010Q2 [YR2010Q2],0,19.66305345,0.205958506,59.69065271,0.154725397,-1.052120637,0
Singapore,3,2010Q3 [YR2010Q3],0,21.29813306,0.140903567,65.45672207,0.17942555,-0.36506745,0
Singapore,3,2010Q4 [YR2010Q4],0,22.93321266,0.170893912,67.19783066,0.202094232,0.132621201,0
Singapore,3,2011Q1 [YR2011Q1],0,22.75462845,0.268364577,65.91357911,0.188137001,0.886109132,0
Singapore,3,2011Q2 [YR2011Q2],0,22.57604423,0.247330941,70.95042398,0.211906198,2.15342976,0
Singapore,3,2011Q3 [YR2011Q3],0,22.39746001,0.103785028,78.60833294,0.088407544,2.283797349,0
Singapore,3,2011Q4 [YR2011Q4],0,22.21887579,0.101956622,71.56314349,0.053322976,0.496928546,0
Singapore,3,2012Q1 [YR2012Q1],0,21.07506003,0.026515459,79.70493424,0.040296681,3.577766413,1
Singapore,3,2012Q2 [YR2012Q2],0,19.93124427,-0.030809003,82.66199652,0.004524182,4.461725898,0
Singapore,3,2012Q3 [YR2012Q3],0,18.78742851,0.098728832,77.05014849,0.079376763,6.616951652,1
Singapore,3,2012Q4 [YR2012Q4],0,17.64361274,0.032318161,77.28364005,0.090798647,7.840493358,0
Singapore,3,2013Q1 [YR2013Q1],0,17.15950646,0.028356293,80.80975846,0.060018129,7.669754088,0
Singapore,3,2013Q2 [YR2013Q2],0,16.67540017,0.054674654,83.85788579,0.067571203,5.86270136,0
Singapore,3,2013Q3 [YR2013Q3],0,16.19129388,0.01978482,89.82376926,0.063347277,6.157871696,0
Singapore,3,2013Q4 [YR2013Q4],0,15.70718759,0.036849607,94.79253421,0.053145197,6.408610983,0
Singapore,3,2014Q1 [YR2014Q1],0,16.26812117,-0.012530395,99.12544647,0.057203943,4.595803477,0
Singapore,3,2014Q2 [YR2014Q2],0,16.82905474,0.031817249,98.12219676,0.069945304,4.684991551,0
Singapore,3,2014Q3 [YR2014Q3],0,17.38998832,-0.020561576,102.6338514,-0.007350418,5.118499109,1
Singapore,3,2014Q4 [YR2014Q4],0,17.9509219,-0.136289773,96.22941978,-0.059447467,4.92899244,0
Singapore,3,2015Q1 [YR2015Q1],0,18.13636202,-0.162794468,102.4163794,-0.08995769,3.387852781,0
Singapore,3,2015Q2 [YR2015Q2],0,18.32180213,-0.216094292,99.17206,-0.088888598,5.167839238,0
Singapore,3,2015Q3 [YR2015Q3],0,18.50724225,-0.175773421,94.25645263,-0.054531863,1.284181176,0
Singapore,3,2015Q4 [YR2015Q4],1,18.69268237,-0.146301034,87.28150693,-0.0354928,2.13850416,1
Singapore,3,2016Q1 [YR2016Q1],1,18.43112442,-0.087545831,93.7103416,-0.008915822,2.135278326,1
Singapore,3,2016Q2 [YR2016Q2],0,18.16956648,-0.059518328,92.87414732,-0.017460591,1.958051102,0
Singapore,3,2016Q3 [YR2016Q3],0,17.90800853,0.047132547,94.759352,0.007040826,0.564116265,0
Singapore,3,2016Q4 [YR2016Q4],0,17.64645058,0.133401037,100.6158683,-0.004723938,-0.667270947,0
Singapore,3,2017Q1 [YR2017Q1],0,17.56057115,0.08644102,100.8577787,0.054628523,-0.20605834,0
Singapore,3,2017Q2 [YR2017Q2],0,17.47469172,0.14402354,102.7667725,0.070142089,-0.887128615,0
Singapore,3,2017Q3 [YR2017Q3],0,17.3888123,0.096447637,103.1587475,0.086905689,-0.832626387,0
Singapore,3,2017Q4 [YR2017Q4],0,17.30293287,0.08405728,101.7053826,0.135267452,-0.739222805,0
Singapore,3,2018Q1 [YR2018Q1],0,16.76532464,0.136934446,105.7227023,0.106057569,-1.534233752,0
Singapore,3,2018Q2 [YR2018Q2],0,16.22771641,0.065181888,108.3260264,0.081699536,-0.84856919,0
Singapore,3,2018Q3 [YR2018Q3],0,15.69010819,0.083038931,100.6049476,0.057831845,-1.416085986,0
Singapore,3,2018Q4 [YR2018Q4],0,15.15249996,0.016360617,105.9087257,0.027802884,-0.64228715,1
Singapore,3,2019Q1 [YR2019Q1],0,14.97798708,-0.042781733,107.2160161,0.030258459,-0.156262742,0
Singapore,3,2019Q2 [YR2019Q2],1,14.8034742,-0.049249458,118.0100765,-0.048981057,-0.951063765,1
Singapore,3,2019Q3 [YR2019Q3],0,14.62896132,-0.057219492,117.0254615,-0.065562574,-1.628199883,0
Singapore,3,2019Q4 [YR2019Q4],0,14.45444844,-0.034920156,116.118236,-0.028616851,-0.827597633,0
Singapore,3,2020Q1 [YR2020Q1],0,15.0502071,-0.168435393,120.698563,-0.05644915,-4.216655287,0
Singapore,3,2020Q2 [YR2020Q2],0,15.64596576,-0.093960921,105.6543665,0.14083561,-3.389542842,0
Singapore,3,2020Q3 [YR2020Q3],0,16.24172441,-0.046259119,97.37270541,0.205100991,-2.816118437,0
Singapore,3,2020Q4 [YR2020Q4],0,16.83748307,0.039943071,91.39541135,0.296693617,-2.905071497,0
Singapore,3,2021Q1 [YR2021Q1],0,17.15760769,0.338598797,87.62598127,0.360704319,-2.26231299,0
Singapore,3,2021Q2 [YR2021Q2],0,17.4777323,0.269402506,82.94640044,0.2698827,-1.848028644,0
Singapore,3,2021Q3 [YR2021Q3],0,17.79785692,0.231154816,82.92043836,0.265806823,-1.449736094,0
Singapore,3,2021Q4 [YR2021Q4],0,18.11798154,0.249003098,85.0478132,0.149170393,-0.461399105,0
Philippines,4,1996Q4 [YR1996Q4],0,-4.17652404,0.163391495,82.9370652,0.572505006,11.02449161,0
Philippines,4,1997Q1 [YR1997Q1],0,-4.288268192,0.177686352,3.861218816,0.484347904,16.7931328,0
Philippines,4,1997Q2 [YR1997Q2],0,-4.400012343,0.188285252,95.69399344,0.158439715,17.30939371,1
Philippines,4,1997Q3 [YR1997Q3],0,-4.511756495,0.103274831,13.64831954,-0.035943817,0.912839119,0
Philippines,4,1997Q4 [YR1997Q4],0,-4.623500646,-0.065992852,177.5544742,-0.274476781,-3.723492351,0
Philippines,4,1998Q1 [YR1998Q1],0,-2.948780089,-0.221426249,24.58141328,-0.24656746,-4.390051137,0
Philippines,4,1998Q2 [YR1998Q2],0,-1.274059531,-0.207718479,130.0168802,-0.076770541,-1.694061848,0
Philippines,4,1998Q3 [YR1998Q3],0,0.400661027,-0.162929712,16.45099367,-0.043668844,-8.624259354,0
Philippines,4,1998Q4 [YR1998Q4],1,2.075381584,-0.001925677,118.0270343,0.270869951,-0.440177415,1
Philippines,4,1999Q1 [YR1999Q1],0,0.717268466,0.145961985,14.52472217,0.452491323,4.374799973,0
Philippines,4,1999Q2 [YR1999Q2],0,-0.640844652,0.167955777,83.27899585,0.362355845,8.54900548,0
Philippines,4,1999Q3 [YR1999Q3],0,-1.99895777,0.159897472,17.90335226,0.413848353,2.311542651,0
Philippines,4,1999Q4 [YR1999Q4],0,-3.357070888,0.153744849,67.22823873,0.430829404,1.632066892,0
Philippines,4,2000Q1 [YR2000Q1],0,-3.183516133,0.253372149,61.04319671,0.247078424,3.190971612,0
Philippines,4,2000Q2 [YR2000Q2],0,-3.009961379,0.248696086,58.44384457,0.089921333,1.51932761,0
Philippines,4,2000Q3 [YR2000Q3],0,-2.836406624,0.180450503,57.65319707,0.018604611,-1.553070609,0
Philippines,4,2000Q4 [YR2000Q4],0,-2.66285187,0.090092392,63.06235581,-0.013527277,-5.240184522,0
Philippines,4,2001Q1 [YR2001Q1],0,-2.551489075,-0.119971796,61.87108068,-0.101206353,0.088468394,1
Philippines,4,2001Q2 [YR2001Q2],0,-2.440126281,-0.223763539,66.47329806,-0.061842732,-2.425190627,0
Philippines,4,2001Q3 [YR2001Q3],0,-2.328763487,-0.212255339,67.35194786,-0.052185033,-2.242125889,0
Philippines,4,2001Q4 [YR2001Q4],0,-2.217400693,-0.194231974,68.67616005,0.029493318,-0.321770914,0
Philippines,4,2002Q1 [YR2002Q1],0,-1.74667318,-0.023509731,53.07304556,0.169745914,2.507439774,0
Philippines,4,2002Q2 [YR2002Q2],0,-1.275945666,0.087380804,60.62314593,0.135590993,0.949842059,1
Philippines,4,2002Q3 [YR2002Q3],0,-0.805218153,0.087887037,62.92473499,0.082464806,-1.721297241,0
Philippines,4,2002Q4 [YR2002Q4],0,-0.334490639,0.201821456,56.46217142,-0.010909071,-4.076613557,0
Philippines,4,2003Q1 [YR2003Q1],0,-0.169008261,0.078109056,67.64643123,-0.118795317,-6.60075857,0
Philippines,4,2003Q2 [YR2003Q2],0,-0.003525882,0.071524254,74.35518044,-0.091848329,-5.508907418,0
Philippines,4,2003Q3 [YR2003Q3],0,0.161956496,0.162498183,85.1751284,-0.018608296,-7.880978487,0
Philippines,4,2003Q4 [YR2003Q4],0,0.327438875,0.141218137,82.95207041,0.024427039,-10.58747111,0
Philippines,4,2004Q1 [YR2004Q1],0,0.673201604,0.171422865,69.68983003,0.001559448,-11.49552198,0
Philippines,4,2004Q2 [YR2004Q2],0,1.018964333,0.147526079,63.98688762,0.015026483,-9.679387397,0
Philippines,4,2004Q3 [YR2004Q3],0,1.364727063,0.098439319,68.82776491,-0.028081512,-8.86723502,0
Philippines,4,2004Q4 [YR2004Q4],0,1.710489792,0.023389935,74.32921229,-0.039443004,-11.40788781,0
Philippines,4,2005Q1 [YR2005Q1],0,1.746094309,0.061301054,68.82467745,0.046085885,-8.924314064,0
Philippines,4,2005Q2 [YR2005Q2],0,1.781698826,0.064464988,72.01270857,0.146452336,-7.512304524,0
Philippines,4,2005Q3 [YR2005Q3],0,1.817303343,0.030826841,74.75837199,0.253963981,-8.546711623,0
Philippines,4,2005Q4 [YR2005Q4],1,1.85290786,0.072965102,79.46568516,0.214214585,-2.683055726,1
Philippines,4,2006Q1 [YR2006Q1],0,2.753312257,0.061419732,73.30526763,0.290878974,0.655932729,0
Philippines,4,2006Q2 [YR2006Q2],0,3.653716654,0.144472337,63.41539131,0.203300539,-4.492189199,0
Philippines,4,2006Q3 [YR2006Q3],0,4.554121052,0.128863056,62.85834255,0.179827101,-0.157993915,1
Philippines,4,2006Q4 [YR2006Q4],0,5.454525449,0.115041009,51.23442145,0.257405479,-0.062769438,0
Philippines,4,2007Q1 [YR2007Q1],0,5.384637678,0.117326662,50.81145531,0.214478495,0.86456881,0
Philippines,4,2007Q2 [YR2007Q2],0,5.314749906,0.056797128,52.48395233,0.287313401,4.67673327,0
Philippines,4,2007Q3 [YR2007Q3],0,5.244862135,0.222696747,45.39665758,0.478633949,2.464333348,0
Philippines,4,2007Q4 [YR2007Q4],0,5.174974364,0.230846153,43.1901427,0.508612513,9.65727885,0
Philippines,4,2008Q1 [YR2008Q1],0,3.901054765,0.243294579,45.02320157,0.513333483,7.43566467,0
Philippines,4,2008Q2 [YR2008Q2],0,2.627135166,0.232628377,39.03894427,0.396275595,3.291426919,0
Philippines,4,2008Q3 [YR2008Q3],0,1.353215567,-0.13450313,34.41988463,0.190363635,5.5989108,0
Philippines,4,2008Q4 [YR2008Q4],0,0.079295968,-0.328239762,24.21301408,0.0987169,0.457954282,0
Philippines,4,2009Q1 [YR2009Q1],0,1.259668152,-0.300982835,26.32646592,0.051541449,3.260689274,0
Philippines,4,2009Q2 [YR2009Q2],0,2.440040337,-0.222563591,28.43190268,0.061939722,-0.294911144,0
Philippines,4,2009Q3 [YR2009Q3],0,3.620412521,0.127127862,28.53501315,0.13101544,-3.258497773,0
Philippines,4,2009Q4 [YR2009Q4],0,4.800784705,0.477731361,32.92431035,0.168409519,-0.772725047,0
Philippines,4,2010Q1 [YR2010Q1],0,4.461941511,0.463884375,24.46227753,0.149447017,1.271872923,0
Philippines,4,2010Q2 [YR2010Q2],0,4.123098316,0.270927603,27.76946198,0.203195305,2.021967964,0
Philippines,4,2010Q3 [YR2010Q3],0,3.784255121,0.189149426,28.71255243,0.235633631,2.348690452,0
Philippines,4,2010Q4 [YR2010Q4],0,3.445411927,0.163155567,28.18317346,0.427506238,1.631586007,0
Philippines,4,2011Q1 [YR2011Q1],0,3.186356105,0.093831682,26.56395188,0.485622019,0.686085158,0
Philippines,4,2011Q2 [YR2011Q2],0,2.927300284,0.15812226,26.61476895,0.466845463,-0.891129756,0
Philippines,4,2011Q3 [YR2011Q3],0,2.668244463,0.098744021,24.12088375,0.460698063,-0.195187558,0
Philippines,4,2011Q4 [YR2011Q4],0,2.409188641,0.11420066,19.3179692,0.215430862,-0.189364093,0
Philippines,4,2012Q1 [YR2012Q1],0,2.470211115,0.104155307,22.76161246,0.115138523,0.997278047,0
Philippines,4,2012Q2 [YR2012Q2],0,2.531233588,0.048980711,21.54122102,0.077706025,2.613253192,0
Philippines,4,2012Q3 [YR2012Q3],0,2.592256062,0.084983603,21.31936473,0.048261836,3.350570101,0
Philippines,4,2012Q4 [YR2012Q4],0,2.653278535,-0.002977294,21.56041662,0.091971131,5.144190199,0
Philippines,4,2013Q1 [YR2013Q1],0,2.992371651,0.035808541,22.84438125,0.127346316,9.067240315,0
Philippines,4,2013Q2 [YR2013Q2],0,3.331464768,0.045544561,21.39309466,0.112520254,3.963251296,0
Philippines,4,2013Q3 [YR2013Q3],0,3.670557884,0.065008868,22.23158539,0.060311095,1.627355657,0
Philippines,4,2013Q4 [YR2013Q4],0,4.009651001,0.104138525,21.69467185,0.030079829,1.95671705,0
Philippines,4,2014Q1 [YR2014Q1],0,3.91114897,0.075825971,19.45225553,-0.032557445,-0.21117897,0
Philippines,4,2014Q2 [YR2014Q2],0,3.81264694,0.107144451,16.3958138,-0.015541946,1.559927718,0
Philippines,4,2014Q3 [YR2014Q3],0,3.71414491,0.015167822,14.89690067,-0.043568278,3.71512752,0
Philippines,4,2014Q4 [YR2014Q4],0,3.61564288,-0.051604238,17.99301994,-0.047981073,6.684675817,0
Philippines,4,2015Q1 [YR2015Q1],0,3.304469104,-0.090643676,16.73004962,0.019295903,10.91434253,0
Philippines,4,2015Q2 [YR2015Q2],0,2.993295328,-0.109259023,17.8686624,0.011292725,8.308868633,0
Philippines,4,2015Q3 [YR2015Q3],0,2.682121551,-0.068995774,17.5248976,0.02150879,5.359584472,0
Philippines,4,2015Q4 [YR2015Q4],0,2.370947775,-0.018464688,20.79467496,0.026464588,5.650319303,0
Philippines,4,2016Q1 [YR2016Q1],0,1.684145095,0.10130657,19.97695169,0.030002259,4.130666705,0
Philippines,4,2016Q2 [YR2016Q2],0,0.997342414,0.080232768,18.71292634,0.050251877,3.103185253,0
Philippines,4,2016Q3 [YR2016Q3],0,0.310539734,0.131421632,18.99112791,0.058425993,-0.326843447,0
Philippines,4,2016Q4 [YR2016Q4],0,-0.376262947,0.152727154,21.99621462,-0.007182507,0.284426351,0
Philippines,4,2017Q1 [YR2017Q1],0,-0.445294128,0.077681862,19.12720449,-0.029334137,-2.267005504,0
Philippines,4,2017Q2 [YR2017Q2],0,-0.514325309,0.136470381,20.66121878,-0.044995472,-3.266082454,0
Philippines,4,2017Q3 [YR2017Q3],0,-0.58335649,0.144567642,23.79243169,-0.063403313,-7.480313812,0
Philippines,4,2017Q4 [YR2017Q4],0,-0.652387671,0.102979949,24.46066635,-0.002781208,-5.516676185,0
Philippines,4,2018Q1 [YR2018Q1],0,-1.129138654,0.173350071,20.91010916,-0.011913548,-10.27439591,0
Philippines,4,2018Q2 [YR2018Q2],0,-1.605889638,0.12621801,24.11536593,-0.052717694,-8.61274186,0
Philippines,4,2018Q3 [YR2018Q3],0,-2.082640621,0.042881694,21.51787254,-0.075939987,-6.991563378,0
Philippines,4,2018Q4 [YR2018Q4],0,-2.559391605,0.021978818,26.09514408,-0.029887214,-4.949184174,0
Philippines,4,2019Q1 [YR2019Q1],0,-2.121683236,-0.029043994,29.81060959,0.045235411,-5.236941544,0
Philippines,4,2019Q2 [YR2019Q2],0,-1.683974867,-0.004627636,25.1053759,0.104920896,-3.965936718,0
Philippines,4,2019Q3 [YR2019Q3],0,-1.246266497,0.02242051,25.36618235,0.151486693,-3.848762119,0
Philippines,4,2019Q4 [YR2019Q4],0,-0.808558128,-0.042706454,24.86530048,0.123645833,-1.344455366,0
Philippines,4,2020Q1 [YR2020Q1],0,0.193743992,-0.263065657,21.08652741,0.072233756,-0.181570815,0
Philippines,4,2020Q2 [YR2020Q2],0,1.196046111,-0.040743529,16.7926622,0.111008748,1.678254938,0
Philippines,4,2020Q3 [YR2020Q3],0,2.198348231,-0.019843932,17.32753906,0.145462555,3.273569252,0
Philippines,4,2020Q4 [YR2020Q4],0,3.20065035,0.173950478,19.8953938,0.234121415,3.27333658,0
Philippines,4,2021Q1 [YR2021Q1],0,1.961372744,0.656380264,15.55804309,0.179639696,3.518079651,1
Philippines,4,2021Q2 [YR2021Q2],0,0.722095139,0.291130641,16.22516141,0.133799759,3.272011008,0
Philippines,4,2021Q3 [YR2021Q3],0,-0.517182467,0.361274353,13.51761318,0.100157692,-0.328400755,0
Philippines,4,2021Q4 [YR2021Q4],0,-1.756460073,0.210066728,17.26877075,0.0096393,0.3304014,0
Malaysia,5,1996Q4 [YR1996Q4],0,-4.424102664,0.010878834,42.9109845,0.136069909,15.30984056,0
Malaysia,5,1997Q1 [YR1997Q1],0,-4.801810884,0.176311597,2.360168481,0.178761268,22.8841638,0
Malaysia,5,1997Q2 [YR1997Q2],0,-5.179519104,0.05469888,63.62684256,0.040866011,19.97666531,0
Malaysia,5,1997Q3 [YR1997Q3],0,-5.557227324,-0.057665205,3.262745109,-0.150053318,3.936530213,0
Malaysia,5,1997Q4 [YR1997Q4],0,-5.934935544,-0.183875427,70.32348015,-0.230333908,-12.03006,0
Malaysia,5,1998Q1 [YR1998Q1],0,-1.150321347,-0.326949931,1.14118869,-0.285312415,-7.772180668,0
Malaysia,5,1998Q2 [YR1998Q2],0,3.63429285,-0.299324855,53.82818929,-0.258956679,-10.00488516,0
Malaysia,5,1998Q3 [YR1998Q3],0,8.418907047,-0.22430408,1.64232295,-0.065745486,-6.46387932,0
Malaysia,5,1998Q4 [YR1998Q4],0,13.20352124,-0.058197684,35.5290447,0.229512176,-9.757474399,0
Malaysia,5,1999Q1 [YR1999Q1],0,13.88366094,0.067075051,1.418580479,0.37042657,-6.073692339,0
Malaysia,5,1999Q2 [YR1999Q2],0,14.56380063,0.207601187,26.61972362,0.551719585,-5.224030064,0
Malaysia,5,1999Q3 [YR1999Q3],1,15.24394032,0.290986664,1.14345062,0.503876693,-6.435458672,1
Malaysia,5,1999Q4 [YR1999Q4],0,15.92408001,0.266540447,26.1375712,0.196749057,-6.15277689,0
Malaysia,5,2000Q1 [YR2000Q1],0,14.20553963,0.315248007,22.56886673,0.238990711,-4.939253592,0
Malaysia,5,2000Q2 [YR2000Q2],0,12.48699925,0.327506499,21.77363058,0.049953455,-3.577511408,0
Malaysia,5,2000Q3 [YR2000Q3],0,10.76845887,0.14699449,21.44933325,-0.016322174,-1.183557201,0
Malaysia,5,2000Q4 [YR2000Q4],0,9.049918491,0.082685154,28.39409902,-0.073829956,0.506348896,0
Malaysia,5,2001Q1 [YR2001Q1],0,8.750828704,-0.111407123,33.67967875,-0.236475956,2.574921554,0
Malaysia,5,2001Q2 [YR2001Q2],0,8.451738917,-0.203411123,34.70793443,-0.233083148,4.687594423,0
Malaysia,5,2001Q3 [YR2001Q3],0,8.152649131,-0.157645594,30.02320471,-0.074151088,2.931445189,0
Malaysia,5,2001Q4 [YR2001Q4],0,7.853559344,-0.070198065,30.56672603,0.042092314,5.834077698,0
Malaysia,5,2002Q1 [YR2002Q1],0,7.672533363,0.090571296,29.40144389,0.224996027,7.897578336,0
Malaysia,5,2002Q2 [YR2002Q2],0,7.491507382,0.145069991,25.55728558,0.312585739,4.082622494,0
Malaysia,5,2002Q3 [YR2002Q3],0,7.310481401,0.091766115,25.72230141,0.152397504,3.561614865,0
Malaysia,5,2002Q4 [YR2002Q4],0,7.12945542,0.07973454,29.34293948,0.130015885,2.659033085,0
Malaysia,5,2003Q1 [YR2003Q1],0,8.382679204,0.085074107,26.8194893,0.071493731,0.801952189,0
Malaysia,5,2003Q2 [YR2003Q2],0,9.635902988,0.099700153,29.89690587,0.11177751,-1.27121168,0
Malaysia,5,2003Q3 [YR2003Q3],0,10.88912677,0.181711221,28.59739956,0.21269651,-0.817539687,0
Malaysia,5,2003Q4 [YR2003Q4],0,12.14235056,0.208009783,23.93334482,0.31357408,-4.14001922,0
Malaysia,5,2004Q1 [YR2004Q1],0,12.12870637,0.147216952,25.26173222,0.494882158,-4.785390365,0
Malaysia,5,2004Q2 [YR2004Q2],0,12.11506218,0.144252629,22.08004156,0.473793332,-4.060321501,0
Malaysia,5,2004Q3 [YR2004Q3],0,12.101418,0.130782541,22.88548065,0.413228667,-3.953001685,0
Malaysia,5,2004Q4 [YR2004Q4],0,12.08777381,0.076106011,26.03326814,0.503389368,-7.626904745,0
Malaysia,5,2005Q1 [YR2005Q1],0,12.54583023,0.102281157,24.06775163,0.422077706,-7.617937611,0
Malaysia,5,2005Q2 [YR2005Q2],0,13.00388665,0.09337016,26.84936569,0.405973802,-4.491816879,0
Malaysia,5,2005Q3 [YR2005Q3],0,13.46194307,0.081511864,26.53066242,0.422463557,-3.673214652,0
Malaysia,5,2005Q4 [YR2005Q4],0,13.9199995,0.159908535,24.69581855,0.060364717,-1.971965895,0
Malaysia,5,2006Q1 [YR2006Q1],0,14.46595542,0.164701077,28.81237803,0.0203467,0.134558371,0
Malaysia,5,2006Q2 [YR2006Q2],0,15.01191135,0.193464122,29.80544161,0.053797328,-1.180629779,0
Malaysia,5,2006Q3 [YR2006Q3],0,15.55786727,0.153629656,31.97019445,-0.005499827,-1.752880523,0
Malaysia,5,2006Q4 [YR2006Q4],0,16.1038232,0.120786479,27.42769166,0.175704219,-0.023344432,0
Malaysia,5,2007Q1 [YR2007Q1],0,15.92318229,0.113561566,27.34274365,0.207150308,1.73534507,0
Malaysia,5,2007Q2 [YR2007Q2],0,15.74254138,0.101905227,22.00456441,0.250229432,1.74113215,0
Malaysia,5,2007Q3 [YR2007Q3],0,15.56190047,0.198412435,16.89671033,0.235872414,-1.474562204,0
Malaysia,5,2007Q4 [YR2007Q4],0,15.38125957,0.232583123,21.88097132,0.229957697,0.206672999,0
Malaysia,5,2008Q1 [YR2008Q1],0,15.75085216,0.264258033,23.9340125,0.359523435,0.551092678,0
Malaysia,5,2008Q2 [YR2008Q2],0,16.12044474,0.195798096,28.82368062,0.279488517,2.163346729,0
Malaysia,5,2008Q3 [YR2008Q3],0,16.49003733,-0.10391098,26.16915355,0.117857361,0.27429549,0
Malaysia,5,2008Q4 [YR2008Q4],0,16.85962992,-0.343680235,24.72329613,-0.097708395,-1.350445999,0
Malaysia,5,2009Q1 [YR2009Q1],0,16.57547172,-0.316822749,23.13519263,-0.271160514,-1.643075379,0
Malaysia,5,2009Q2 [YR2009Q2],0,16.29131353,-0.192869519,19.98045483,-0.273557808,-2.837124033,0
Malaysia,5,2009Q3 [YR2009Q3],0,16.00715534,0.113445721,19.77634257,-0.13372298,-4.715520087,0
Malaysia,5,2009Q4 [YR2009Q4],0,15.72299714,0.477689335,18.0841416,0.046987205,-3.318835985,0
Malaysia,5,2010Q1 [YR2010Q1],0,14.30617747,0.45098258,22.18642915,0.07513694,0.110499998,0
Malaysia,5,2010Q2 [YR2010Q2],0,12.88935779,0.258410554,22.32056337,0.023930653,4.425170323,1
Malaysia,5,2010Q3 [YR2010Q3],0,11.47253811,0.160514794,27.26781139,0.046351852,5.453952673,0
Malaysia,5,2010Q4 [YR2010Q4],0,10.05571843,0.206584934,24.72453093,0.099044776,3.400497785,0
Malaysia,5,2011Q1 [YR2011Q1],0,10.26803665,0.166123014,28.48312693,0.193160336,4.27177582,0
Malaysia,5,2011Q2 [YR2011Q2],0,10.48035486,0.148610214,31.00971753,0.4203404,2.825496649,0
Malaysia,5,2011Q3 [YR2011Q3],0,10.69267307,0.108212806,26.89632084,0.3010418,1.757973194,0
Malaysia,5,2011Q4 [YR2011Q4],0,10.90499128,0.085883608,24.52944179,0.256443363,1.236943999,0
Malaysia,5,2012Q1 [YR2012Q1],0,9.475938025,0.076350975,26.52435267,0.192469929,4.612862657,0
Malaysia,5,2012Q2 [YR2012Q2],0,8.046884773,0.022785914,25.20700193,-0.00138686,1.750446081,0
Malaysia,5,2012Q3 [YR2012Q3],0,6.617831522,0.09638569,30.39522915,0.048844183,2.749538378,0
Malaysia,5,2012Q4 [YR2012Q4],0,5.18877827,0.078228006,25.50884561,0.045556758,4.078016501,0
Malaysia,5,2013Q1 [YR2013Q1],0,4.758117112,0.030648484,23.31073547,0.030155599,5.483559213,0
Malaysia,5,2013Q2 [YR2013Q2],1,4.327455953,0.049983909,26.63455561,0.017338746,5.396348655,1
Malaysia,5,2013Q3 [YR2013Q3],0,3.896794795,0.057585848,31.46504346,-0.003065077,3.121022039,0
Malaysia,5,2013Q4 [YR2013Q4],0,3.466133636,-0.038996525,32.08802546,-0.03149472,3.820982451,0
Malaysia,5,2014Q1 [YR2014Q1],0,3.697511561,0.035746157,33.59361772,-0.065758298,3.591548327,0
Malaysia,5,2014Q2 [YR2014Q2],0,3.928889485,0.015273284,36.70429223,-0.031956179,5.164110759,0
Malaysia,5,2014Q3 [YR2014Q3],0,4.16026741,-0.073579653,35.88309411,-0.067242512,8.138697235,0
Malaysia,5,2014Q4 [YR2014Q4],0,4.391645334,-0.063905009,36.84525816,-0.141425619,5.432323823,0
Malaysia,5,2015Q1 [YR2015Q1],0,4.045964782,-0.179761438,37.38830563,-0.194366464,2.849610404,0
Malaysia,5,2015Q2 [YR2015Q2],0,3.700284229,-0.178508076,37.35759999,-0.201560845,2.568462657,0
Malaysia,5,2015Q3 [YR2015Q3],1,3.354603677,-0.194497556,42.62844805,-0.269094238,-8.4582595,1
Malaysia,5,2015Q4 [YR2015Q4],0,3.008923124,-0.176908289,39.80168249,-0.179742322,-6.109998022,0
Malaysia,5,2016Q1 [YR2016Q1],0,2.848615105,-0.100249396,45.16307397,-0.078053338,-3.485047567,0
Malaysia,5,2016Q2 [YR2016Q2],0,2.688307087,-0.08270544,47.27301613,-0.081407851,-4.283675222,1
Malaysia,5,2016Q3 [YR2016Q3],0,2.527999069,0.03474247,41.60432647,0.044868443,-4.744376607,0
Malaysia,5,2016Q4 [YR2016Q4],0,2.36769105,0.171796261,39.20874212,-0.00964829,-7.284044713,1
Malaysia,5,2017Q1 [YR2017Q1],0,2.477729323,0.128405166,42.45230537,-0.018087861,-5.911990045,0
Malaysia,5,2017Q2 [YR2017Q2],0,2.587767596,0.166618552,40.58427465,0.018522322,-4.263596415,0
Malaysia,5,2017Q3 [YR2017Q3],0,2.697805868,0.200957226,37.25143944,0.036464716,-3.707456442,0
Malaysia,5,2017Q4 [YR2017Q4],0,2.807844141,0.103583694,37.83309993,0.083870987,-0.133896919,0
Malaysia,5,2018Q1 [YR2018Q1],0,2.665149465,0.090729866,42.95536243,0.131461242,1.710957212,0
Malaysia,5,2018Q2 [YR2018Q2],0,2.522454789,0.071924728,47.32467256,0.05908002,1.37609275,0
Malaysia,5,2018Q3 [YR2018Q3],0,2.379760113,0.047029365,53.54081197,0.019291647,-0.058537846,0
Malaysia,5,2018Q4 [YR2018Q4],0,2.237065437,-0.004133994,53.70369754,-0.010184253,0.160633451,0
Malaysia,5,2019Q1 [YR2019Q1],0,2.553534159,0.009018525,51.49412362,-0.045389178,1.724162928,0
Malaysia,5,2019Q2 [YR2019Q2],0,2.87000288,0.013515033,54.25751467,-0.021026719,0.414543248,0
Malaysia,5,2019Q3 [YR2019Q3],0,3.186471601,0.029098081,53.17103361,-0.004157531,1.018791915,0
Malaysia,5,2019Q4 [YR2019Q4],0,3.502940323,-0.040012042,47.86379569,0.018783106,1.023752842,0
Malaysia,5,2020Q1 [YR2020Q1],0,3.691097652,-0.242156156,53.58304941,-0.016704213,-1.238364887,0
Malaysia,5,2020Q2 [YR2020Q2],0,3.879254982,-0.080024514,41.9246375,0.002190173,-2.087301257,1
Malaysia,5,2020Q3 [YR2020Q3],0,4.067412312,-0.004905923,38.7200071,0.014768693,-0.420679383,0
Malaysia,5,2020Q4 [YR2020Q4],0,4.255569641,0.194544149,39.11145785,0.034937185,-0.300254558,0
Malaysia,5,2021Q1 [YR2021Q1],0,4.057241987,0.595971227,44.88240184,0.068375259,0.839135115,0
Malaysia,5,2021Q2 [YR2021Q2],0,3.858914333,0.258843778,46.92515541,0.076156855,0.000777954,0
Malaysia,5,2021Q3 [YR2021Q3],0,3.660586678,0.301835726,43.81921729,0.101371125,-0.360408345,0
Malaysia,5,2021Q4 [YR2021Q4],0,3.462259024,0.205569093,43.42000834,0.08891293,0.208870646,0
Lao PDR,6,1996Q4 [YR1996Q4],0,-14.14869111,0.064394948,15.33941896,0.840101706,8.909709421,0
Lao PDR,6,1997Q1 [YR1997Q1],0,-13.55940903,0.019154672,0,0.876452225,16.75242595,0
Lao PDR,6,1997Q2 [YR1997Q2],0,-12.97012694,0.27196782,9.807116692,0.561928825,18.53876961,0
Lao PDR,6,1997Q3 [YR1997Q3],0,-12.38084486,-0.131573601,0,0.228244015,15.85752717,0
Lao PDR,6,1997Q4 [YR1997Q4],0,-11.79156278,-0.151181892,6.240001013,-0.338166203,-9.18064803,0
Lao PDR,6,1998Q1 [YR1998Q1],1,-10.33760515,-0.11606632,0,-0.412668411,-11.96816582,1
Lao PDR,6,1998Q2 [YR1998Q2],0,-8.883647518,-0.221982534,9.70629054,-0.431656912,-8.934815472,0
Lao PDR,6,1998Q3 [YR1998Q3],1,-7.429689885,0.321610067,0,-0.244953557,-13.31965371,1
Lao PDR,6,1998Q4 [YR1998Q4],0,-5.975732253,0.232803946,0.891151518,0.000311056,-7.113485186,0
Lao PDR,6,1999Q1 [YR1999Q1],0,-2.939958737,0.351005702,0,0.113406088,10.72939411,0
Lao PDR,6,1999Q2 [YR1999Q2],0,0.095814779,0.341963424,7.273565308,0.186187715,-21.01379948,0
Lao PDR,6,1999Q3 [YR1999Q3],0,3.131588294,0.151923121,0,-0.031152123,-4.964941516,0
Lao PDR,6,1999Q4 [YR1999Q4],0,6.16736181,-0.100089334,1.976525754,-0.098264703,-1.082077745,0
Lao PDR,6,2000Q1 [YR2000Q1],0,4.503207216,-0.085587156,10.75843467,-0.089423104,4.238195605,0
Lao PDR,6,2000Q2 [YR2000Q2],0,2.839052622,-0.178013542,2.640237999,0.033083757,6.133917514,0
Lao PDR,6,2000Q3 [YR2000Q3],0,1.174898028,-0.215478978,2.161533344,0.236079908,8.817618823,0
Lao PDR,6,2000Q4 [YR2000Q4],0,-0.489256566,0.080717428,4.29615291,0.380206288,7.961960728,1
Lao PDR,6,2001Q1 [YR2001Q1],1,-1.31865173,0.058684895,5.509664864,0.242594019,-0.964168143,1
Lao PDR,6,2001Q2 [YR2001Q2],0,-2.148046893,-0.027224438,9.100245838,0.257222226,10.47521204,0
Lao PDR,6,2001Q3 [YR2001Q3],0,-2.977442056,0.045045129,3.652984515,-0.01380486,-0.128040525,0
Lao PDR,6,2001Q4 [YR2001Q4],0,-3.80683722,0.038595072,3.654029436,-0.020224799,1.714727897,0
Lao PDR,6,2002Q1 [YR2002Q1],0,-2.737515031,-0.060854414,2.700629013,0.165795045,3.056461535,0
Lao PDR,6,2002Q2 [YR2002Q2],0,-1.668192842,0.089192215,3.856018122,0.270775245,-1.210330928,0
Lao PDR,6,2002Q3 [YR2002Q3],0,-0.598870654,-0.016865717,3.586728637,0.425861513,-4.942807737,0
Lao PDR,6,2002Q4 [YR2002Q4],0,0.470451535,0.143595363,5.455441332,0.47354985,-3.893382922,0
Lao PDR,6,2003Q1 [YR2003Q1],0,-0.014206373,0.19172483,3.748173376,0.441037403,-2.573633483,0
Lao PDR,6,2003Q2 [YR2003Q2],0,-0.498864281,0.110507653,5.812223079,0.232089067,-3.596626976,0
Lao PDR,6,2003Q3 [YR2003Q3],0,-0.983522188,0.017409437,4.583836419,0.117818697,-1.012136816,0
Lao PDR,6,2003Q4 [YR2003Q4],0,-1.468180096,0.11440322,1.27988978,0.162481066,-4.15256029,0
Lao PDR,6,2004Q1 [YR2004Q1],0,-2.984133578,0.323678687,1.768202187,0.059882575,-2.312127785,0
Lao PDR,6,2004Q2 [YR2004Q2],0,-4.500087059,0.356311685,2.47998287,0.081686705,-1.033571116,0
Lao PDR,6,2004Q3 [YR2004Q3],0,-6.016040541,0.443450272,2.99437708,0.071570282,-3.512404723,0
Lao PDR,6,2004Q4 [YR2004Q4],0,-7.531994022,0.275983914,4.716210253,0.044873108,-4.647580328,0
Lao PDR,6,2005Q1 [YR2005Q1],0,-7.237213722,0.153833157,6.484941947,0.055646052,-4.458208939,0
Lao PDR,6,2005Q2 [YR2005Q2],0,-6.942433422,0.106016496,7.131126975,0.014739874,-2.45345579,0
Lao PDR,6,2005Q3 [YR2005Q3],0,-6.647653121,0.273462335,10.30479757,0.012910106,-3.839855837,0
Lao PDR,6,2005Q4 [YR2005Q4],1,-6.352872821,0.369283842,23.90010478,0.030159763,-0.892584385,1
Lao PDR,6,2006Q1 [YR2006Q1],0,-4.21973523,0.276235681,4.958869521,0.125360318,-0.548679228,0
Lao PDR,6,2006Q2 [YR2006Q2],0,-2.08659764,0.433615847,20.66137081,0.1870033,-1.011698519,0
Lao PDR,6,2006Q3 [YR2006Q3],0,0.046539951,0.165429814,35.44439519,0.31071346,-1.712584763,0
Lao PDR,6,2006Q4 [YR2006Q4],0,2.179677541,0.169246119,30.34455153,0.38528192,-2.199595153,0
Lao PDR,6,2007Q1 [YR2007Q1],0,2.460007676,0.258839782,28.0345841,0.533695935,-2.540173209,0
Lao PDR,6,2007Q2 [YR2007Q2],0,2.74033781,0.179625807,22.26795262,0.642047297,-4.724774228,0
Lao PDR,6,2007Q3 [YR2007Q3],0,3.020667944,0.488650577,24.28467037,0.636669078,-6.96739428,0
Lao PDR,6,2007Q4 [YR2007Q4],0,3.300998079,0.388824228,37.49924148,0.590180856,-7.769992646,0
Lao PDR,6,2008Q1 [YR2008Q1],0,2.83168706,0.582271678,20.32487225,0.663264306,-6.123864092,0
Lao PDR,6,2008Q2 [YR2008Q2],0,2.362376042,0.487218025,24.93057509,0.486126031,-3.828927071,0
Lao PDR,6,2008Q3 [YR2008Q3],0,1.893065023,0.031547811,37.20838032,0.331966299,1.722728541,0
Lao PDR,6,2008Q4 [YR2008Q4],1,1.423754004,-0.021495925,25.04791567,0.175711371,6.120394986,1
Lao PDR,6,2009Q1 [YR2009Q1],0,0.806916843,-0.150228327,42.07550695,-0.096873163,7.421219131,0
Lao PDR,6,2009Q2 [YR2009Q2],0,0.190079682,0.004985961,35.07169511,-0.13093456,0.06349075,0
Lao PDR,6,2009Q3 [YR2009Q3],0,-0.426757479,0.295523311,26.55932292,0.078591979,-3.762322025,0
Lao PDR,6,2009Q4 [YR2009Q4],0,-1.04359464,0.453327052,35.02968356,0.091081592,-3.947355498,0
Lao PDR,6,2010Q1 [YR2010Q1],0,-0.679954364,0.339176281,36.9503694,0.151809847,-3.107316823,1
Lao PDR,6,2010Q2 [YR2010Q2],0,-0.316314088,0.022752631,20.2802289,0.02412336,2.785364822,0
Lao PDR,6,2010Q3 [YR2010Q3],0,0.047326189,0.226845916,21.4707482,-0.164346968,0.362672047,0
Lao PDR,6,2010Q4 [YR2010Q4],0,0.410966465,0.143754243,8.784521586,0.131793484,-2.359911786,0
Lao PDR,6,2011Q1 [YR2011Q1],0,-0.281270472,0.1667854,8.682258315,0.082562646,-3.642167461,0
Lao PDR,6,2011Q2 [YR2011Q2],0,-0.97350741,0.445977665,4.925912433,0.262275161,-4.282180492,0
Lao PDR,6,2011Q3 [YR2011Q3],0,-1.665744347,0.392580844,4.669646409,0.318320587,-3.364041,0
Lao PDR,6,2011Q4 [YR2011Q4],0,-2.357981285,0.423085235,9.986289303,-0.063331168,-0.531463643,0
Lao PDR,6,2012Q1 [YR2012Q1],0,-3.596736529,0.609404769,4.523564896,-0.023394909,-2.969288806,0
Lao PDR,6,2012Q2 [YR2012Q2],0,-4.835491772,0.312282032,23.09264651,-0.142405346,0.182641172,0
Lao PDR,6,2012Q3 [YR2012Q3],0,-6.074247016,0.233220551,26.80333308,-0.157913087,-3.623322503,0
Lao PDR,6,2012Q4 [YR2012Q4],0,-7.31300226,0.128038035,7.765150602,0.082461599,-4.151030666,0
Lao PDR,6,2013Q1 [YR2013Q1],0,-7.437482278,-0.018322466,112.2579461,0.035428749,-0.815515554,0
Lao PDR,6,2013Q2 [YR2013Q2],0,-7.561962296,0.124821013,172.8580943,-0.110920494,3.505552814,0
Lao PDR,6,2013Q3 [YR2013Q3],0,-7.686442313,0.355537815,33.75697736,-0.023406016,2.952727801,0
Lao PDR,6,2013Q4 [YR2013Q4],0,-7.810922331,0.271326381,108.8662863,-0.094776212,-0.038018346,0
Lao PDR,6,2014Q1 [YR2014Q1],0,-9.481258925,0.277616995,60.4033519,0.048430271,-1.097100255,0
Lao PDR,6,2014Q2 [YR2014Q2],0,-11.15159552,0.062071038,122.8146092,0.300854039,-1.878269475,0
Lao PDR,6,2014Q3 [YR2014Q3],0,-12.82193211,-0.148610067,101.6921511,0.377012059,0.147588052,0
Lao PDR,6,2014Q4 [YR2014Q4],0,-14.49226871,-0.134194953,98.31144626,0.201353714,4.989177664,0
Lao PDR,6,2015Q1 [YR2015Q1],0,-14.79882347,-0.116448107,48.40832625,0.241862256,9.591169054,0
Lao PDR,6,2015Q2 [YR2015Q2],0,-15.10537824,0.02268611,36.3397853,0.579465035,9.583235601,0
Lao PDR,6,2015Q3 [YR2015Q3],0,-15.41193301,0.018031706,75.86363799,0.07439653,14.35686614,0
Lao PDR,6,2015Q4 [YR2015Q4],0,-15.71848777,-0.119247522,79.89931068,0.188648347,15.67843228,0
Lao PDR,6,2016Q1 [YR2016Q1],1,-13.96442687,-0.110921026,134.4705479,0.050055544,12.8677066,1
Lao PDR,6,2016Q2 [YR2016Q2],0,-12.21036597,-0.100025742,254.8043787,-0.274134284,12.42953227,0
Lao PDR,6,2016Q3 [YR2016Q3],0,-10.45630507,-0.124258591,197.7471766,0.093817388,11.80741807,0
Lao PDR,6,2016Q4 [YR2016Q4],0,-8.702244164,0.036619338,90.67011163,-0.164515744,17.37364642,0
Lao PDR,6,2017Q1 [YR2017Q1],0,-8.371609054,0.020854212,79.51134282,-0.044040414,12.13937917,0
Lao PDR,6,2017Q2 [YR2017Q2],0,-8.040973945,0.0987226,78.61582203,0.13348695,6.427938803,0
Lao PDR,6,2017Q3 [YR2017Q3],0,-7.710338835,0.156987984,95.91557451,-0.073776355,-0.41899163,0
Lao PDR,6,2017Q4 [YR2017Q4],0,-7.379703725,0.123882385,82.17381146,0.232215566,-0.411546978,1
Lao PDR,6,2018Q1 [YR2018Q1],0,-7.807085514,0.112320331,81.18129102,0.032325289,-4.819144798,0
Lao PDR,6,2018Q2 [YR2018Q2],0,-8.234467302,-0.014318215,78.16033588,0.007470073,-0.788662812,0
Lao PDR,6,2018Q3 [YR2018Q3],0,-8.66184909,0.026885869,77.84429216,0.028765008,-0.865151281,0
Lao PDR,6,2018Q4 [YR2018Q4],0,-9.089230878,-0.07284386,68.83862899,-0.132825237,-0.64455988,0
Lao PDR,6,2019Q1 [YR2019Q1],0,-8.577234201,0.012645733,90.79033481,-0.092798557,-2.501540868,0
Lao PDR,6,2019Q2 [YR2019Q2],0,-8.065237525,0.080511128,115.2932324,-0.093771075,-3.090672693,0
Lao PDR,6,2019Q3 [YR2019Q3],0,-7.553240848,-0.038767428,115.8277166,-0.132693984,-2.461995442,0
Lao PDR,6,2019Q4 [YR2019Q4],0,-7.041244171,-0.071313871,107.0370178,0.130942715,-2.889387376,0
Lao PDR,6,2020Q1 [YR2020Q1],0,-5.432696421,-0.226943837,127.9696102,0.124709787,3.850585467,0
Lao PDR,6,2020Q2 [YR2020Q2],0,-3.824148672,-0.098728397,248.8147608,-0.006004205,0.633213602,0
Lao PDR,6,2020Q3 [YR2020Q3],0,-2.215600922,-0.066066025,143.030846,0.610168093,-2.696520475,0
Lao PDR,6,2020Q4 [YR2020Q4],0,-0.607053172,0.285702748,138.8193409,0.304214223,-9.280584217,0
Lao PDR,6,2021Q1 [YR2021Q1],0,-0.590614879,0.260311364,140.7716846,0.23432741,-7.97398308,0
Lao PDR,6,2021Q2 [YR2021Q2],0,-0.574176586,0.048287622,125.8277754,0.327234616,-7.121208791,0
Lao PDR,6,2021Q3 [YR2021Q3],0,-0.557738293,0.026225845,95.20395053,-0.006566565,-5.421005626,0
Lao PDR,6,2021Q4 [YR2021Q4],0,-0.5413,0.024692871,88.77903203,0.059739885,-18.59559452,0
Indonesia,7,1996Q4 [YR1996Q4],0,-3.370282274,0.189353811,192.3993125,0.331395952,38.3775018,0
Indonesia,7,1997Q1 [YR1997Q1],0,-3.094226502,0.142637059,6.232975288,0.271416773,41.91071395,0
Indonesia,7,1997Q2 [YR1997Q2],0,-2.81817073,0.167810615,176.3594756,0.305329487,39.78693261,0
Indonesia,7,1997Q3 [YR1997Q3],0,-2.542114957,-0.043446045,4.611550106,0.308938068,21.93843158,0
Indonesia,7,1997Q4 [YR1997Q4],0,-2.266059185,-0.45099081,214.4766214,-0.09118436,-10.81919782,0
Indonesia,7,1998Q1 [YR1998Q1],0,-0.626428392,-0.542644967,4.172491633,-0.17051703,-37.79734203,0
Indonesia,7,1998Q2 [YR1998Q2],0,1.013202401,-0.534634358,148.4909194,-0.117346067,-45.00764954,0
Indonesia,7,1998Q3 [YR1998Q3],1,2.652833194,-0.411055247,6.086514238,-0.030834696,-26.03381575,1
Indonesia,7,1998Q4 [YR1998Q4],0,4.292463988,-0.080788421,109.7943384,0.369357124,-4.920953465,0
Indonesia,7,1999Q1 [YR1999Q1],0,4.251998452,0.143381013,5.437041165,0.595486218,-10.99402941,0
Indonesia,7,1999Q2 [YR1999Q2],1,4.211532917,0.245781765,87.03714064,0.466226632,5.242638565,1
Indonesia,7,1999Q3 [YR1999Q3],0,4.171067381,0.236791443,1.893792536,0.32480507,-9.543132598,0
Indonesia,7,1999Q4 [YR1999Q4],1,4.130601846,0.445917303,74.18784629,0.164293383,3.155049833,1
Indonesia,7,2000Q1 [YR2000Q1],0,4.308717516,0.500370289,71.1502401,0.131162975,0.124711259,0
Indonesia,7,2000Q2 [YR2000Q2],0,4.486833187,0.319325227,74.16347146,0.089973446,-9.531997306,0
Indonesia,7,2000Q3 [YR2000Q3],0,4.664948858,0.204728992,72.03889737,0.108594995,-5.892095456,0
Indonesia,7,2000Q4 [YR2000Q4],0,4.843064528,0.088821437,72.2093222,0.077777469,-10.02877222,0
Indonesia,7,2001Q1 [YR2001Q1],0,4.707560529,-0.097806638,73.780359,-0.013074974,-13.3017291,0
Indonesia,7,2001Q2 [YR2001Q2],0,4.57205653,-0.071736165,64.95407721,-0.025070136,-17.38768207,0
Indonesia,7,2001Q3 [YR2001Q3],1,4.436552531,-0.160486735,64.57899682,-0.024527227,-2.154207753,1
Indonesia,7,2001Q4 [YR2001Q4],0,4.301048531,-0.079158512,62.15910469,-0.044055035,-8.608711965,0
Indonesia,7,2002Q1 [YR2002Q1],0,4.225418125,0.064893127,55.17182202,-0.032721607,-0.310149762,1
Indonesia,7,2002Q2 [YR2002Q2],0,4.14978772,0.119542686,51.27514272,0.012945943,7.503209607,0
Indonesia,7,2002Q3 [YR2002Q3],0,4.074157314,0.169099467,48.01076536,0.030794878,5.73708718,0
Indonesia,7,2002Q4 [YR2002Q4],0,3.998526908,0.706750363,42.99222322,0.1366982,6.52883799,0
Indonesia,7,2003Q1 [YR2003Q1],0,3.8621559,0.610714251,42.19732505,0.161548029,4.173789248,0
Indonesia,7,2003Q2 [YR2003Q2],0,3.725784892,0.582944613,42.36465318,0.16450156,9.9616262,0
Indonesia,7,2003Q3 [YR2003Q3],0,3.589413884,0.65010618,40.46978334,0.13175375,8.248760245,0
Indonesia,7,2003Q4 [YR2003Q4],0,3.453042877,0.186681735,38.26406055,0.128882836,3.799336561,0
Indonesia,7,2004Q1 [YR2004Q1],0,2.74192249,0.254768739,37.43223419,0.143044241,2.088425426,0
Indonesia,7,2004Q2 [YR2004Q2],0,2.030802103,0.303476096,38.27224565,0.018776896,-3.783228973,0
Indonesia,7,2004Q3 [YR2004Q3],0,1.319681717,0.309080606,40.80293449,0.020117829,-2.106677642,0
Indonesia,7,2004Q4 [YR2004Q4],0,0.60856133,0.271405418,51.43336206,-0.000280745,-7.36215599,0
Indonesia,7,2005Q1 [YR2005Q1],0,0.480693059,0.203211248,53.77350875,-0.03765369,-6.892514266,0
Indonesia,7,2005Q2 [YR2005Q2],0,0.352824788,0.137225637,58.33050606,-0.029983103,-5.856043418,1
Indonesia,7,2005Q3 [YR2005Q3],1,0.224956517,0.037341397,67.78447188,-0.138562652,-10.70983679,1
Indonesia,7,2005Q4 [YR2005Q4],0,0.097088247,-0.019087768,61.14990944,-0.051841702,1.370730972,0
Indonesia,7,2006Q1 [YR2006Q1],0,0.817493358,-0.012927529,58.86815666,0.104152162,8.745933634,0
Indonesia,7,2006Q2 [YR2006Q2],0,1.537898469,0.104385863,56.71916236,0.180573703,4.404708389,0
Indonesia,7,2006Q3 [YR2006Q3],0,2.25830358,0.141344701,54.26087647,0.414559761,6.561056605,0
Indonesia,7,2006Q4 [YR2006Q4],0,2.978708691,0.217335271,53.33411798,0.240269352,6.123887661,0
Indonesia,7,2007Q1 [YR2007Q1],0,2.84084755,0.238369458,49.18624539,0.191459417,6.043420637,0
Indonesia,7,2007Q2 [YR2007Q2],0,2.702986409,0.152425195,50.56314957,0.283645115,6.954999296,0
Indonesia,7,2007Q3 [YR2007Q3],0,2.565125268,0.318579843,52.97512121,0.25311591,2.020738195,0
Indonesia,7,2007Q4 [YR2007Q4],0,2.427264127,0.368865723,53.65208178,0.337523714,-1.849012513,0
Indonesia,7,2008Q1 [YR2008Q1],0,1.826621427,0.410823194,55.78590958,0.244337124,-2.41753883,0
Indonesia,7,2008Q2 [YR2008Q2],0,1.225978726,0.423356103,55.59117657,0.159688913,-0.716899961,0
Indonesia,7,2008Q3 [YR2008Q3],0,0.625336026,-0.042935622,60.11664095,0.075486393,3.577855992,0
Indonesia,7,2008Q4 [YR2008Q4],0,0.024693325,-0.348241329,57.24371265,-0.097854993,-10.92356611,0
Indonesia,7,2009Q1 [YR2009Q1],0,0.510962635,-0.286569404,51.13841364,-0.073291631,-12.64212871,0
Indonesia,7,2009Q2 [YR2009Q2],0,0.997231944,-0.286339676,49.59313666,-0.03341329,-3.659672583,0
Indonesia,7,2009Q3 [YR2009Q3],0,1.483501253,0.086837855,49.95850176,0.090114473,-1.924059775,0
Indonesia,7,2009Q4 [YR2009Q4],0,1.969770562,0.540550176,48.59408403,0.28160293,0.103493843,0
Indonesia,7,2010Q1 [YR2010Q1],0,1.647647243,0.434037469,54.27422822,0.314444672,5.609587054,0
Indonesia,7,2010Q2 [YR2010Q2],0,1.325523923,0.346237493,48.27387354,0.325932948,10.86176853,0
Indonesia,7,2010Q3 [YR2010Q3],0,1.003400604,0.287731091,50.80051891,0.392003929,9.446944056,0
Indonesia,7,2010Q4 [YR2010Q4],0,0.681277284,0.342284662,45.66880636,0.461662089,7.834430995,0
Indonesia,7,2011Q1 [YR2011Q1],0,0.558133952,0.317977828,46.44320869,0.478918463,8.174693713,0
Indonesia,7,2011Q2 [YR2011Q2],0,0.434990619,0.318229987,42.7933356,0.581487289,8.439073046,0
Indonesia,7,2011Q3 [YR2011Q3],0,0.311847286,0.201222947,44.54456938,0.325600017,8.025827637,0
Indonesia,7,2011Q4 [YR2011Q4],0,0.188703953,0.160303148,46.20666291,0.146711628,6.219470209,0
Indonesia,7,2012Q1 [YR2012Q1],0,-0.523540436,0.126835693,47.7700605,0.041379588,4.972304737,0
Indonesia,7,2012Q2 [YR2012Q2],0,-1.235784825,0.004245361,49.37379044,-0.11428955,4.830575095,0
Indonesia,7,2012Q3 [YR2012Q3],0,-1.948029215,0.10876428,47.09623087,-0.04187479,1.348578333,0
Indonesia,7,2012Q4 [YR2012Q4],0,-2.660273604,0.001812032,49.0466257,0.021574875,1.353597583,0
Indonesia,7,2013Q1 [YR2013Q1],0,-2.79269641,-0.034528603,54.39623789,-0.05357391,5.725152021,1
Indonesia,7,2013Q2 [YR2013Q2],0,-2.925119217,0.010659964,59.6774621,-0.076380569,6.022710699,1
Indonesia,7,2013Q3 [YR2013Q3],0,-3.057542023,-0.065631905,62.3930141,-0.129448846,-6.14577575,0
Indonesia,7,2013Q4 [YR2013Q4],0,-3.189964829,-0.043748167,59.87373985,-0.114609382,-12.12461783,0
Indonesia,7,2014Q1 [YR2014Q1],0,-3.164515891,-0.034854021,57.57457417,-0.015452497,-5.188935448,0
Indonesia,7,2014Q2 [YR2014Q2],0,-3.139066953,-0.041361173,54.68679817,0.098664435,-9.621387789,0
Indonesia,7,2014Q3 [YR2014Q3],0,-3.113618014,-0.059675787,52.62462414,0.170965537,-5.516735358,0
Indonesia,7,2014Q4 [YR2014Q4],0,-3.088169076,-0.176857821,55.16204357,0.129426591,-0.80824421,0
Indonesia,7,2015Q1 [YR2015Q1],0,-2.824887288,-0.225854235,54.11729382,0.092918675,-1.919236992,0
Indonesia,7,2015Q2 [YR2015Q2],0,-2.561605499,-0.220833471,52.37205303,0.006795746,-3.34298028,0
Indonesia,7,2015Q3 [YR2015Q3],0,-2.29832371,-0.207836785,53.24222098,-0.085281372,-8.110461556,0
Indonesia,7,2015Q4 [YR2015Q4],0,-2.035041922,-0.141978146,50.23867013,-0.051153215,-2.030516328,0
Indonesia,7,2016Q1 [YR2016Q1],0,-1.981069164,-0.092315295,46.92190389,-0.038009798,2.065819129,0
Indonesia,7,2016Q2 [YR2016Q2],0,-1.927096407,-0.007128348,46.1686165,0.013259957,-1.140637471,0
Indonesia,7,2016Q3 [YR2016Q3],0,-1.87312365,0.014994383,45.34959278,0.136344029,0.967711316,0
Indonesia,7,2016Q4 [YR2016Q4],0,-1.819150892,-0.012529626,39.3604719,0.09901539,4.954503883,0
Indonesia,7,2017Q1 [YR2017Q1],0,-1.763027395,0.009984768,41.69924881,0.136163649,4.845257562,0
Indonesia,7,2017Q2 [YR2017Q2],0,-1.706903897,0.107370557,44.32655002,0.126520341,3.920695014,0
Indonesia,7,2017Q3 [YR2017Q3],0,-1.6507804,0.16534344,43.33420555,0.1221316,1.43505308,0
Indonesia,7,2017Q4 [YR2017Q4],0,-1.594656902,0.328516055,42.82736047,0.11775137,0.208415696,0
Indonesia,7,2018Q1 [YR2018Q1],0,-1.930760907,0.280817817,47.26632007,0.032679584,-3.768084662,0
Indonesia,7,2018Q2 [YR2018Q2],0,-2.266864911,0.187856725,48.54678058,-0.027237414,-2.013959722,0
Indonesia,7,2018Q3 [YR2018Q3],0,-2.602968916,0.077074164,51.01421748,-0.11293186,-6.387720385,0
Indonesia,7,2018Q4 [YR2018Q4],0,-2.93907292,-0.045459371,46.8561762,-0.074357111,-1.879109352,0
Indonesia,7,2019Q1 [YR2019Q1],0,-2.880720187,-0.105747925,46.51581693,-0.010396264,-0.331098384,0
Indonesia,7,2019Q2 [YR2019Q2],0,-2.822367455,-0.092342826,45.23806455,0.030853922,0.83564481,0
Indonesia,7,2019Q3 [YR2019Q3],0,-2.764014722,-0.025080968,42.81612095,0.078030672,3.394103613,0
Indonesia,7,2019Q4 [YR2019Q4],0,-2.705661989,-0.061822282,43.28574673,0.067402752,3.180503621,0
Indonesia,7,2020Q1 [YR2020Q1],0,-2.133934224,-0.261635438,42.9589946,-0.036237926,-2.865765087,0
Indonesia,7,2020Q2 [YR2020Q2],0,-1.562206458,-0.240396912,46.26473128,0.05781466,3.98260229,0
Indonesia,7,2020Q3 [YR2020Q3],0,-0.990478693,-0.138101177,47.19198455,0.081267707,-3.28147393,0
Indonesia,7,2020Q4 [YR2020Q4],0,-0.418750928,0.162518074,47.57280761,0.046271478,-0.642848311,0
Indonesia,7,2021Q1 [YR2021Q1],0,-0.241757092,0.647946489,46.76461425,0.136684419,-1.40811745,0
Indonesia,7,2021Q2 [YR2021Q2],0,-0.064763256,0.534239641,46.89467061,0.042584263,-2.083976729,0
Indonesia,7,2021Q3 [YR2021Q3],0,0.11223058,0.518650569,42.58350286,0.092785235,-0.249323783,0
Indonesia,7,2021Q4 [YR2021Q4],0,0.289224416,0.381223411,41.26327845,0.069934985,0.896907616,0
